sabi,hakata
kiji,center
chatora,center
chasiro,sawara
sirokuro,jyou
kuro,east
sirokuro,west
sabi,jyou
chasiro,east
kijisiro,center
chatora,south
saba,sawara
kiji,east
saba,hakata
sirokuro,center
kiji,center
sirokuro,south
kiji,center
siro,hakata
sirokuro,east
sabi,jyou
other,east
kijisiro,south
chasiro,south
kuro,jyou
kiji,west
mike,center
sabi,jyou
chasiro,south
gray,center
siro,center
sabi,hakata
sirokuro,east
gray,hakata
mike,center
kuro,sawara
chasiro,jyou
sabi,east
saba,hakata
saba,center
other,east
kuro,hakata
chatora,west
kiji,sawara
gray,center
other,center
kiji,south
kiji,east
chatora,hakata
gray,west
mike,west
chatora,sawara
chatora,jyou
chatora,center
mike,hakata
mike,center
sabi,west
kijisiro,east
kijisiro,center
other,jyou
kuro,hakata
kiji,hakata
